date,city,country,lat,lon,PM2.5,PM10,NO2_level,O3,CO,VOCs,SO2
2024-01-01,Delhi,India,28.61,77.23,60.2,108.1,47.1,32.6,0.92,0.66,15.2
2024-01-02,Delhi,India,28.61,77.23,62.7,111.4,49.3,34.1,0.95,0.69,16.0
2024-01-03,Delhi,India,28.61,77.23,65.3,113.9,51.0,35.8,0.99,0.73,17.1
2024-01-01,Mumbai,India,19.07,72.87,58.7,101.9,43.0,29.4,0.81,0.55,13.3
2024-01-02,Mumbai,India,19.07,72.87,60.2,104.3,44.2,30.8,0.84,0.58,14.1
2024-01-03,Mumbai,India,19.07,72.87,61.9,106.7,45.9,32.2,0.87,0.61,14.8
2024-01-01,New York,USA,40.71,-74.01,54.8,95.1,38.7,26.2,0.73,0.50,12.4
2024-01-02,New York,USA,40.71,-74.01,56.3,97.6,40.3,27.5,0.76,0.53,13.0
2024-01-03,New York,USA,40.71,-74.01,58.0,99.8,42.0,29.1,0.79,0.56,13.6
2024-01-01,London,UK,51.51,-0.13,52.2,90.5,35.8,23.7,0.67,0.45,10.9
2024-01-02,London,UK,51.51,-0.13,53.6,92.1,37.2,24.9,0.70,0.47,11.4
2024-01-03,London,UK,51.51,-0.13,55.0,93.8,38.7,26.3,0.73,0.49,12.0
2024-01-01,Tokyo,Japan,35.68,139.69,50.1,89.3,34.2,22.6,0.62,0.43,10.5
2024-01-02,Tokyo,Japan,35.68,139.69,51.4,90.9,35.6,23.8,0.64,0.45,11.0
2024-01-03,Tokyo,Japan,35.68,139.69,52.9,92.5,37.1,25.1,0.67,0.47,11.6
2024-01-01,Paris,France,48.85,2.35,52.9,93.2,39.4,25.0,0.71,0.48,11.6
2024-01-02,Paris,France,48.85,2.35,54.6,95.7,41.2,26.3,0.74,0.51,12.3
2024-01-03,Paris,France,48.85,2.35,56.2,97.9,42.8,28.0,0.77,0.53,13.1
2024-01-01,Beijing,China,39.91,116.40,62.7,107.1,47.4,29.2,0.87,0.63,14.8
2024-01-02,Beijing,China,39.91,116.40,64.1,109.3,48.9,30.5,0.89,0.66,15.5
2024-01-03,Beijing,China,39.91,116.40,65.8,111.5,50.3,31.9,0.92,0.69,16.3
2024-01-01,Berlin,Germany,52.52,13.41,55.6,97.1,40.5,26.7,0.74,0.51,13.4
2024-01-02,Berlin,Germany,52.52,13.41,57.3,99.2,42.1,28.1,0.76,0.54,13.9
2024-01-03,Berlin,Germany,52.52,13.41,59.0,101.4,43.7,29.4,0.78,0.56,14.5
2024-01-01,Sydney,Australia,-33.87,151.21,50.4,91.3,36.6,23.4,0.67,0.46,11.2
2024-01-02,Sydney,Australia,-33.87,151.21,52.1,93.2,37.9,24.6,0.69,0.48,11.8
2024-01-03,Sydney,Australia,-33.87,151.21,53.6,95.1,39.2,26.0,0.72,0.50,12.4
2024-01-01,Cape Town,South Africa,-33.93,18.42,47.6,89.1,34.2,21.8,0.63,0.43,10.7
2024-01-02,Cape Town,South Africa,-33.93,18.42,49.2,90.7,35.5,23.0,0.66,0.45,11.3
2024-01-03,Cape Town,South Africa,-33.93,18.42,50.9,92.3,36.9,24.4,0.68,0.47,11.9
